{"cameraMode":{"drawMode":0,"name":"Shaded","section":"Shading Mode"},"sceneLighting":true,"audioPlay":false,"sceneViewState":{"m_AlwaysRefresh":false,"showFog":true,"showSkybox":true,"showFlares":true,"showImageEffects":true,"showParticleSystems":true,"showVisualEffectGraphs":true,"m_FxEnabled":true},"in2DMode":false,"pivot":{"x":18.699504852294923,"y":-1.3765254020690919,"z":-11.908073425292969},"rotation":{"x":0.1370753049850464,"y":0.3880997896194458,"z":-0.058744415640830997,"w":0.9092814326286316},"size":12.871247291564942,"orthographic":false}